Ticker1,Ticker2,Correlation
AB,ADWYA,
AB,AETEC,
AB,AL,
AB,ALKIM,
AB,AMI,
AB,AMS,
AB,ARTES,
AB,ASSAD,
AB,ASSMA,
AB,AST,
AB,ATB,
AB,ATL,
AB,BH,
AB,BHASS,
AB,BHL,
AB,BIAT,
AB,BL,
AB,BNA,
AB,BT,
AB,BTE,
AB,CC,
AB,CELL,
AB,CIL,
AB,CITY,
AB,CREAL,
AB,DH,
AB,ECYCL,
AB,ELBEN,
AB,GIF,
AB,HL,
AB,ICF,
AB,LNDOR,
AB,LSTR,
AB,MAG,
AB,MGR,
AB,MIP,
AB,MNP,
AB,MPBS,
AB,NAKL,
AB,NBL,
AB,OTH,
AB,PGH,
AB,PLAST,
AB,PLTU,
AB,SAH,
AB,SAM,
AB,SCB,
AB,SERVI,
AB,SFBT,
AB,SIAME,
AB,SIMPA,
AB,SIPHA,
AB,SITS,
AB,SMART,
AB,SMD,
AB,SOKNA,
AB,SOMOC,
AB,SOPAT,
AB,SOTEM,
AB,SOTET,
AB,SOTUV,
AB,SPDIT,
AB,SPHAX,
AB,STA,
AB,STAR,
AB,STB,
AB,STEQ,
AB,STIP,
AB,STPAP,
AB,STPIL,
AB,TAIR,
AB,TGH,
AB,TINV,
AB,TJARI,
AB,TJL,
AB,TLNET,
AB,TLS,
AB,TPR,
AB,TRE,
AB,TVAL,
AB,UADH,
AB,UBCI,
AB,UIB,
AB,UMED,
AB,WIFAK,
AB,XABYT,
ADWYA,AETEC,
ADWYA,AL,
ADWYA,ALKIM,
ADWYA,AMI,
ADWYA,AMS,
ADWYA,ARTES,
ADWYA,ASSAD,
ADWYA,ASSMA,
ADWYA,AST,
ADWYA,ATB,
ADWYA,ATL,
ADWYA,BH,
ADWYA,BHASS,
ADWYA,BHL,
ADWYA,BIAT,
ADWYA,BL,
ADWYA,BNA,
ADWYA,BT,
ADWYA,BTE,
ADWYA,CC,
ADWYA,CELL,
ADWYA,CIL,
ADWYA,CITY,
ADWYA,CREAL,
ADWYA,DH,
ADWYA,ECYCL,
ADWYA,ELBEN,
ADWYA,GIF,
ADWYA,HL,
ADWYA,ICF,
ADWYA,LNDOR,
ADWYA,LSTR,
ADWYA,MAG,
ADWYA,MGR,
ADWYA,MIP,
ADWYA,MNP,
ADWYA,MPBS,
ADWYA,NAKL,
ADWYA,NBL,
ADWYA,OTH,
ADWYA,PGH,
ADWYA,PLAST,
ADWYA,PLTU,
ADWYA,SAH,
ADWYA,SAM,
ADWYA,SCB,
ADWYA,SERVI,
ADWYA,SFBT,
ADWYA,SIAME,
ADWYA,SIMPA,
ADWYA,SIPHA,
ADWYA,SITS,
ADWYA,SMART,
ADWYA,SMD,
ADWYA,SOKNA,
ADWYA,SOMOC,
ADWYA,SOPAT,
ADWYA,SOTEM,
ADWYA,SOTET,
ADWYA,SOTUV,
ADWYA,SPDIT,
ADWYA,SPHAX,
ADWYA,STA,
ADWYA,STAR,
ADWYA,STB,
ADWYA,STEQ,
ADWYA,STIP,
ADWYA,STPAP,
ADWYA,STPIL,
ADWYA,TAIR,
ADWYA,TGH,
ADWYA,TINV,
ADWYA,TJARI,
ADWYA,TJL,
ADWYA,TLNET,
ADWYA,TLS,
ADWYA,TPR,
ADWYA,TRE,
ADWYA,TVAL,
ADWYA,UADH,
ADWYA,UBCI,
ADWYA,UIB,
ADWYA,UMED,
ADWYA,WIFAK,
ADWYA,XABYT,
AETEC,AL,
AETEC,ALKIM,
AETEC,AMI,
AETEC,AMS,
AETEC,ARTES,
AETEC,ASSAD,
AETEC,ASSMA,
AETEC,AST,
AETEC,ATB,
AETEC,ATL,
AETEC,BH,
AETEC,BHASS,
AETEC,BHL,
AETEC,BIAT,
AETEC,BL,
AETEC,BNA,
AETEC,BT,
AETEC,BTE,
AETEC,CC,
AETEC,CELL,
AETEC,CIL,
AETEC,CITY,
AETEC,CREAL,
AETEC,DH,
AETEC,ECYCL,
AETEC,ELBEN,
AETEC,GIF,
AETEC,HL,
AETEC,ICF,
AETEC,LNDOR,
AETEC,LSTR,
AETEC,MAG,
AETEC,MGR,
AETEC,MIP,
AETEC,MNP,
AETEC,MPBS,
AETEC,NAKL,
AETEC,NBL,
AETEC,OTH,
AETEC,PGH,
AETEC,PLAST,
AETEC,PLTU,
AETEC,SAH,
AETEC,SAM,
AETEC,SCB,
AETEC,SERVI,
AETEC,SFBT,
AETEC,SIAME,
AETEC,SIMPA,
AETEC,SIPHA,
AETEC,SITS,
AETEC,SMART,
AETEC,SMD,
AETEC,SOKNA,
AETEC,SOMOC,
AETEC,SOPAT,
AETEC,SOTEM,
AETEC,SOTET,
AETEC,SOTUV,
AETEC,SPDIT,
AETEC,SPHAX,
AETEC,STA,
AETEC,STAR,
AETEC,STB,
AETEC,STEQ,
AETEC,STIP,
AETEC,STPAP,
AETEC,STPIL,
AETEC,TAIR,
AETEC,TGH,
AETEC,TINV,
AETEC,TJARI,
AETEC,TJL,
AETEC,TLNET,
AETEC,TLS,
AETEC,TPR,
AETEC,TRE,
AETEC,TVAL,
AETEC,UADH,
AETEC,UBCI,
AETEC,UIB,
AETEC,UMED,
AETEC,WIFAK,
AETEC,XABYT,
AL,ALKIM,
AL,AMI,
AL,AMS,
AL,ARTES,
AL,ASSAD,
AL,ASSMA,
AL,AST,
AL,ATB,
AL,ATL,
AL,BH,
AL,BHASS,
AL,BHL,
AL,BIAT,
AL,BL,
AL,BNA,
AL,BT,
AL,BTE,
AL,CC,
AL,CELL,
AL,CIL,
AL,CITY,
AL,CREAL,
AL,DH,
AL,ECYCL,
AL,ELBEN,
AL,GIF,
AL,HL,
AL,ICF,
AL,LNDOR,
AL,LSTR,
AL,MAG,
AL,MGR,
AL,MIP,
AL,MNP,
AL,MPBS,
AL,NAKL,
AL,NBL,
AL,OTH,
AL,PGH,
AL,PLAST,
AL,PLTU,
AL,SAH,
AL,SAM,
AL,SCB,
AL,SERVI,
AL,SFBT,
AL,SIAME,
AL,SIMPA,
AL,SIPHA,
AL,SITS,
AL,SMART,
AL,SMD,
AL,SOKNA,
AL,SOMOC,
AL,SOPAT,
AL,SOTEM,
AL,SOTET,
AL,SOTUV,
AL,SPDIT,
AL,SPHAX,
AL,STA,
AL,STAR,
AL,STB,
AL,STEQ,
AL,STIP,
AL,STPAP,
AL,STPIL,
AL,TAIR,
AL,TGH,
AL,TINV,
AL,TJARI,
AL,TJL,
AL,TLNET,
AL,TLS,
AL,TPR,
AL,TRE,
AL,TVAL,
AL,UADH,
AL,UBCI,
AL,UIB,
AL,UMED,
AL,WIFAK,
AL,XABYT,
ALKIM,AMI,
ALKIM,AMS,
ALKIM,ARTES,
ALKIM,ASSAD,
ALKIM,ASSMA,
ALKIM,AST,
ALKIM,ATB,
ALKIM,ATL,
ALKIM,BH,
ALKIM,BHASS,
ALKIM,BHL,
ALKIM,BIAT,
ALKIM,BL,
ALKIM,BNA,
ALKIM,BT,
ALKIM,BTE,
ALKIM,CC,
ALKIM,CELL,
ALKIM,CIL,
ALKIM,CITY,
ALKIM,CREAL,
ALKIM,DH,
ALKIM,ECYCL,
ALKIM,ELBEN,
ALKIM,GIF,
ALKIM,HL,
ALKIM,ICF,
ALKIM,LNDOR,
ALKIM,LSTR,
ALKIM,MAG,
ALKIM,MGR,
ALKIM,MIP,
ALKIM,MNP,
ALKIM,MPBS,
ALKIM,NAKL,
ALKIM,NBL,
ALKIM,OTH,
ALKIM,PGH,
ALKIM,PLAST,
ALKIM,PLTU,
ALKIM,SAH,
ALKIM,SAM,
ALKIM,SCB,
ALKIM,SERVI,
ALKIM,SFBT,
ALKIM,SIAME,
ALKIM,SIMPA,
ALKIM,SIPHA,
ALKIM,SITS,
ALKIM,SMART,
ALKIM,SMD,
ALKIM,SOKNA,
ALKIM,SOMOC,
ALKIM,SOPAT,
ALKIM,SOTEM,
ALKIM,SOTET,
ALKIM,SOTUV,
ALKIM,SPDIT,
ALKIM,SPHAX,
ALKIM,STA,
ALKIM,STAR,
ALKIM,STB,
ALKIM,STEQ,
ALKIM,STIP,
ALKIM,STPAP,
ALKIM,STPIL,
ALKIM,TAIR,
ALKIM,TGH,
ALKIM,TINV,
ALKIM,TJARI,
ALKIM,TJL,
ALKIM,TLNET,
ALKIM,TLS,
ALKIM,TPR,
ALKIM,TRE,
ALKIM,TVAL,
ALKIM,UADH,
ALKIM,UBCI,
ALKIM,UIB,
ALKIM,UMED,
ALKIM,WIFAK,
ALKIM,XABYT,
AMI,AMS,
AMI,ARTES,
AMI,ASSAD,
AMI,ASSMA,
AMI,AST,
AMI,ATB,
AMI,ATL,
AMI,BH,
AMI,BHASS,
AMI,BHL,
AMI,BIAT,
AMI,BL,
AMI,BNA,
AMI,BT,
AMI,BTE,
AMI,CC,
AMI,CELL,
AMI,CIL,
AMI,CITY,
AMI,CREAL,
AMI,DH,
AMI,ECYCL,
AMI,ELBEN,
AMI,GIF,
AMI,HL,
AMI,ICF,
AMI,LNDOR,
AMI,LSTR,
AMI,MAG,
AMI,MGR,
AMI,MIP,
AMI,MNP,
AMI,MPBS,
AMI,NAKL,
AMI,NBL,
AMI,OTH,
AMI,PGH,
AMI,PLAST,
AMI,PLTU,
AMI,SAH,
AMI,SAM,
AMI,SCB,
AMI,SERVI,
AMI,SFBT,
AMI,SIAME,
AMI,SIMPA,
AMI,SIPHA,
AMI,SITS,
AMI,SMART,
AMI,SMD,
AMI,SOKNA,
AMI,SOMOC,
AMI,SOPAT,
AMI,SOTEM,
AMI,SOTET,
AMI,SOTUV,
AMI,SPDIT,
AMI,SPHAX,
AMI,STA,
AMI,STAR,
AMI,STB,
AMI,STEQ,
AMI,STIP,
AMI,STPAP,
AMI,STPIL,
AMI,TAIR,
AMI,TGH,
AMI,TINV,
AMI,TJARI,
AMI,TJL,
AMI,TLNET,
AMI,TLS,
AMI,TPR,
AMI,TRE,
AMI,TVAL,
AMI,UADH,
AMI,UBCI,
AMI,UIB,
AMI,UMED,
AMI,WIFAK,
AMI,XABYT,
AMS,ARTES,
AMS,ASSAD,
AMS,ASSMA,
AMS,AST,
AMS,ATB,
AMS,ATL,
AMS,BH,
AMS,BHASS,
AMS,BHL,
AMS,BIAT,
AMS,BL,
AMS,BNA,
AMS,BT,
AMS,BTE,
AMS,CC,
AMS,CELL,
AMS,CIL,
AMS,CITY,
AMS,CREAL,
AMS,DH,
AMS,ECYCL,
AMS,ELBEN,
AMS,GIF,
AMS,HL,
AMS,ICF,
AMS,LNDOR,
AMS,LSTR,
AMS,MAG,
AMS,MGR,
AMS,MIP,
AMS,MNP,
AMS,MPBS,
AMS,NAKL,
AMS,NBL,
AMS,OTH,
AMS,PGH,
AMS,PLAST,
AMS,PLTU,
AMS,SAH,
AMS,SAM,
AMS,SCB,
AMS,SERVI,
AMS,SFBT,
AMS,SIAME,
AMS,SIMPA,
AMS,SIPHA,
AMS,SITS,
AMS,SMART,
AMS,SMD,
AMS,SOKNA,
AMS,SOMOC,
AMS,SOPAT,
AMS,SOTEM,
AMS,SOTET,
AMS,SOTUV,
AMS,SPDIT,
AMS,SPHAX,
AMS,STA,
AMS,STAR,
AMS,STB,
AMS,STEQ,
AMS,STIP,
AMS,STPAP,
AMS,STPIL,
AMS,TAIR,
AMS,TGH,
AMS,TINV,
AMS,TJARI,
AMS,TJL,
AMS,TLNET,
AMS,TLS,
AMS,TPR,
AMS,TRE,
AMS,TVAL,
AMS,UADH,
AMS,UBCI,
AMS,UIB,
AMS,UMED,
AMS,WIFAK,
AMS,XABYT,
ARTES,ASSAD,
ARTES,ASSMA,
ARTES,AST,
ARTES,ATB,
ARTES,ATL,
ARTES,BH,
ARTES,BHASS,
ARTES,BHL,
ARTES,BIAT,
ARTES,BL,
ARTES,BNA,
ARTES,BT,
ARTES,BTE,
ARTES,CC,
ARTES,CELL,
ARTES,CIL,
ARTES,CITY,
ARTES,CREAL,
ARTES,DH,
ARTES,ECYCL,
ARTES,ELBEN,
ARTES,GIF,
ARTES,HL,
ARTES,ICF,
ARTES,LNDOR,
ARTES,LSTR,
ARTES,MAG,
ARTES,MGR,
ARTES,MIP,
ARTES,MNP,
ARTES,MPBS,
ARTES,NAKL,
ARTES,NBL,
ARTES,OTH,
ARTES,PGH,
ARTES,PLAST,
ARTES,PLTU,
ARTES,SAH,
ARTES,SAM,
ARTES,SCB,
ARTES,SERVI,
ARTES,SFBT,
ARTES,SIAME,
ARTES,SIMPA,
ARTES,SIPHA,
ARTES,SITS,
ARTES,SMART,
ARTES,SMD,
ARTES,SOKNA,
ARTES,SOMOC,
ARTES,SOPAT,
ARTES,SOTEM,
ARTES,SOTET,
ARTES,SOTUV,
ARTES,SPDIT,
ARTES,SPHAX,
ARTES,STA,
ARTES,STAR,
ARTES,STB,
ARTES,STEQ,
ARTES,STIP,
ARTES,STPAP,
ARTES,STPIL,
ARTES,TAIR,
ARTES,TGH,
ARTES,TINV,
ARTES,TJARI,
ARTES,TJL,
ARTES,TLNET,
ARTES,TLS,
ARTES,TPR,
ARTES,TRE,
ARTES,TVAL,
ARTES,UADH,
ARTES,UBCI,
ARTES,UIB,
ARTES,UMED,
ARTES,WIFAK,
ARTES,XABYT,
ASSAD,ASSMA,
ASSAD,AST,
ASSAD,ATB,
ASSAD,ATL,
ASSAD,BH,
ASSAD,BHASS,
ASSAD,BHL,
ASSAD,BIAT,
ASSAD,BL,
ASSAD,BNA,
ASSAD,BT,
ASSAD,BTE,
ASSAD,CC,
ASSAD,CELL,
ASSAD,CIL,
ASSAD,CITY,
ASSAD,CREAL,
ASSAD,DH,
ASSAD,ECYCL,
ASSAD,ELBEN,
ASSAD,GIF,
ASSAD,HL,
ASSAD,ICF,
ASSAD,LNDOR,
ASSAD,LSTR,
ASSAD,MAG,
ASSAD,MGR,
ASSAD,MIP,
ASSAD,MNP,
ASSAD,MPBS,
ASSAD,NAKL,
ASSAD,NBL,
ASSAD,OTH,
ASSAD,PGH,
ASSAD,PLAST,
ASSAD,PLTU,
ASSAD,SAH,
ASSAD,SAM,
ASSAD,SCB,
ASSAD,SERVI,
ASSAD,SFBT,
ASSAD,SIAME,
ASSAD,SIMPA,
ASSAD,SIPHA,
ASSAD,SITS,
ASSAD,SMART,
ASSAD,SMD,
ASSAD,SOKNA,
ASSAD,SOMOC,
ASSAD,SOPAT,
ASSAD,SOTEM,
ASSAD,SOTET,
ASSAD,SOTUV,
ASSAD,SPDIT,
ASSAD,SPHAX,
ASSAD,STA,
ASSAD,STAR,
ASSAD,STB,
ASSAD,STEQ,
ASSAD,STIP,
ASSAD,STPAP,
ASSAD,STPIL,
ASSAD,TAIR,
ASSAD,TGH,
ASSAD,TINV,
ASSAD,TJARI,
ASSAD,TJL,
ASSAD,TLNET,
ASSAD,TLS,
ASSAD,TPR,
ASSAD,TRE,
ASSAD,TVAL,
ASSAD,UADH,
ASSAD,UBCI,
ASSAD,UIB,
ASSAD,UMED,
ASSAD,WIFAK,
ASSAD,XABYT,
ASSMA,AST,
ASSMA,ATB,
ASSMA,ATL,
ASSMA,BH,
ASSMA,BHASS,
ASSMA,BHL,
ASSMA,BIAT,
ASSMA,BL,
ASSMA,BNA,
ASSMA,BT,
ASSMA,BTE,
ASSMA,CC,
ASSMA,CELL,
ASSMA,CIL,
ASSMA,CITY,
ASSMA,CREAL,
ASSMA,DH,
ASSMA,ECYCL,
ASSMA,ELBEN,
ASSMA,GIF,
ASSMA,HL,
ASSMA,ICF,
ASSMA,LNDOR,
ASSMA,LSTR,
ASSMA,MAG,
ASSMA,MGR,
ASSMA,MIP,
ASSMA,MNP,
ASSMA,MPBS,
ASSMA,NAKL,
ASSMA,NBL,
ASSMA,OTH,
ASSMA,PGH,
ASSMA,PLAST,
ASSMA,PLTU,
ASSMA,SAH,
ASSMA,SAM,
ASSMA,SCB,
ASSMA,SERVI,
ASSMA,SFBT,
ASSMA,SIAME,
ASSMA,SIMPA,
ASSMA,SIPHA,
ASSMA,SITS,
ASSMA,SMART,
ASSMA,SMD,
ASSMA,SOKNA,
ASSMA,SOMOC,
ASSMA,SOPAT,
ASSMA,SOTEM,
ASSMA,SOTET,
ASSMA,SOTUV,
ASSMA,SPDIT,
ASSMA,SPHAX,
ASSMA,STA,
ASSMA,STAR,
ASSMA,STB,
ASSMA,STEQ,
ASSMA,STIP,
ASSMA,STPAP,
ASSMA,STPIL,
ASSMA,TAIR,
ASSMA,TGH,
ASSMA,TINV,
ASSMA,TJARI,
ASSMA,TJL,
ASSMA,TLNET,
ASSMA,TLS,
ASSMA,TPR,
ASSMA,TRE,
ASSMA,TVAL,
ASSMA,UADH,
ASSMA,UBCI,
ASSMA,UIB,
ASSMA,UMED,
ASSMA,WIFAK,
ASSMA,XABYT,
AST,ATB,
AST,ATL,
AST,BH,
AST,BHASS,
AST,BHL,
AST,BIAT,
AST,BL,
AST,BNA,
AST,BT,
AST,BTE,
AST,CC,
AST,CELL,
AST,CIL,
AST,CITY,
AST,CREAL,
AST,DH,
AST,ECYCL,
AST,ELBEN,
AST,GIF,
AST,HL,
AST,ICF,
AST,LNDOR,
AST,LSTR,
AST,MAG,
AST,MGR,
AST,MIP,
AST,MNP,
AST,MPBS,
AST,NAKL,
AST,NBL,
AST,OTH,
AST,PGH,
AST,PLAST,
AST,PLTU,
AST,SAH,
AST,SAM,
AST,SCB,
AST,SERVI,
AST,SFBT,
AST,SIAME,
AST,SIMPA,
AST,SIPHA,
AST,SITS,
AST,SMART,
AST,SMD,
AST,SOKNA,
AST,SOMOC,
AST,SOPAT,
AST,SOTEM,
AST,SOTET,
AST,SOTUV,
AST,SPDIT,
AST,SPHAX,
AST,STA,
AST,STAR,
AST,STB,
AST,STEQ,
AST,STIP,
AST,STPAP,
AST,STPIL,
AST,TAIR,
AST,TGH,
AST,TINV,
AST,TJARI,
AST,TJL,
AST,TLNET,
AST,TLS,
AST,TPR,
AST,TRE,
AST,TVAL,
AST,UADH,
AST,UBCI,
AST,UIB,
AST,UMED,
AST,WIFAK,
AST,XABYT,
ATB,ATL,
ATB,BH,
ATB,BHASS,
ATB,BHL,
ATB,BIAT,
ATB,BL,
ATB,BNA,
ATB,BT,
ATB,BTE,
ATB,CC,
ATB,CELL,
ATB,CIL,
ATB,CITY,
ATB,CREAL,
ATB,DH,
ATB,ECYCL,
ATB,ELBEN,
ATB,GIF,
ATB,HL,
ATB,ICF,
ATB,LNDOR,
ATB,LSTR,
ATB,MAG,
ATB,MGR,
ATB,MIP,
ATB,MNP,
ATB,MPBS,
ATB,NAKL,
ATB,NBL,
ATB,OTH,
ATB,PGH,
ATB,PLAST,
ATB,PLTU,
ATB,SAH,
ATB,SAM,
ATB,SCB,
ATB,SERVI,
ATB,SFBT,
ATB,SIAME,
ATB,SIMPA,
ATB,SIPHA,
ATB,SITS,
ATB,SMART,
ATB,SMD,
ATB,SOKNA,
ATB,SOMOC,
ATB,SOPAT,
ATB,SOTEM,
ATB,SOTET,
ATB,SOTUV,
ATB,SPDIT,
ATB,SPHAX,
ATB,STA,
ATB,STAR,
ATB,STB,
ATB,STEQ,
ATB,STIP,
ATB,STPAP,
ATB,STPIL,
ATB,TAIR,
ATB,TGH,
ATB,TINV,
ATB,TJARI,
ATB,TJL,
ATB,TLNET,
ATB,TLS,
ATB,TPR,
ATB,TRE,
ATB,TVAL,
ATB,UADH,
ATB,UBCI,
ATB,UIB,
ATB,UMED,
ATB,WIFAK,
ATB,XABYT,
ATL,BH,
ATL,BHASS,
ATL,BHL,
ATL,BIAT,
ATL,BL,
ATL,BNA,
ATL,BT,
ATL,BTE,
ATL,CC,
ATL,CELL,
ATL,CIL,
ATL,CITY,
ATL,CREAL,
ATL,DH,
ATL,ECYCL,
ATL,ELBEN,
ATL,GIF,
ATL,HL,
ATL,ICF,
ATL,LNDOR,
ATL,LSTR,
ATL,MAG,
ATL,MGR,
ATL,MIP,
ATL,MNP,
ATL,MPBS,
ATL,NAKL,
ATL,NBL,
ATL,OTH,
ATL,PGH,
ATL,PLAST,
ATL,PLTU,
ATL,SAH,
ATL,SAM,
ATL,SCB,
ATL,SERVI,
ATL,SFBT,
ATL,SIAME,
ATL,SIMPA,
ATL,SIPHA,
ATL,SITS,
ATL,SMART,
ATL,SMD,
ATL,SOKNA,
ATL,SOMOC,
ATL,SOPAT,
ATL,SOTEM,
ATL,SOTET,
ATL,SOTUV,
ATL,SPDIT,
ATL,SPHAX,
ATL,STA,
ATL,STAR,
ATL,STB,
ATL,STEQ,
ATL,STIP,
ATL,STPAP,
ATL,STPIL,
ATL,TAIR,
ATL,TGH,
ATL,TINV,
ATL,TJARI,
ATL,TJL,
ATL,TLNET,
ATL,TLS,
ATL,TPR,
ATL,TRE,
ATL,TVAL,
ATL,UADH,
ATL,UBCI,
ATL,UIB,
ATL,UMED,
ATL,WIFAK,
ATL,XABYT,
BH,BHASS,
BH,BHL,
BH,BIAT,
BH,BL,
BH,BNA,
BH,BT,
BH,BTE,
BH,CC,
BH,CELL,
BH,CIL,
BH,CITY,
BH,CREAL,
BH,DH,
BH,ECYCL,
BH,ELBEN,
BH,GIF,
BH,HL,
BH,ICF,
BH,LNDOR,
BH,LSTR,
BH,MAG,
BH,MGR,
BH,MIP,
BH,MNP,
BH,MPBS,
BH,NAKL,
BH,NBL,
BH,OTH,
BH,PGH,
BH,PLAST,
BH,PLTU,
BH,SAH,
BH,SAM,
BH,SCB,
BH,SERVI,
BH,SFBT,
BH,SIAME,
BH,SIMPA,
BH,SIPHA,
BH,SITS,
BH,SMART,
BH,SMD,
BH,SOKNA,
BH,SOMOC,
BH,SOPAT,
BH,SOTEM,
BH,SOTET,
BH,SOTUV,
BH,SPDIT,
BH,SPHAX,
BH,STA,
BH,STAR,
BH,STB,
BH,STEQ,
BH,STIP,
BH,STPAP,
BH,STPIL,
BH,TAIR,
BH,TGH,
BH,TINV,
BH,TJARI,
BH,TJL,
BH,TLNET,
BH,TLS,
BH,TPR,
BH,TRE,
BH,TVAL,
BH,UADH,
BH,UBCI,
BH,UIB,
BH,UMED,
BH,WIFAK,
BH,XABYT,
BHASS,BHL,
BHASS,BIAT,
BHASS,BL,
BHASS,BNA,
BHASS,BT,
BHASS,BTE,
BHASS,CC,
BHASS,CELL,
BHASS,CIL,
BHASS,CITY,
BHASS,CREAL,
BHASS,DH,
BHASS,ECYCL,
BHASS,ELBEN,
BHASS,GIF,
BHASS,HL,
BHASS,ICF,
BHASS,LNDOR,
BHASS,LSTR,
BHASS,MAG,
BHASS,MGR,
BHASS,MIP,
BHASS,MNP,
BHASS,MPBS,
BHASS,NAKL,
BHASS,NBL,
BHASS,OTH,
BHASS,PGH,
BHASS,PLAST,
BHASS,PLTU,
BHASS,SAH,
BHASS,SAM,
BHASS,SCB,
BHASS,SERVI,
BHASS,SFBT,
BHASS,SIAME,
BHASS,SIMPA,
BHASS,SIPHA,
BHASS,SITS,
BHASS,SMART,
BHASS,SMD,
BHASS,SOKNA,
BHASS,SOMOC,
BHASS,SOPAT,
BHASS,SOTEM,
BHASS,SOTET,
BHASS,SOTUV,
BHASS,SPDIT,
BHASS,SPHAX,
BHASS,STA,
BHASS,STAR,
BHASS,STB,
BHASS,STEQ,
BHASS,STIP,
BHASS,STPAP,
BHASS,STPIL,
BHASS,TAIR,
BHASS,TGH,
BHASS,TINV,
BHASS,TJARI,
BHASS,TJL,
BHASS,TLNET,
BHASS,TLS,
BHASS,TPR,
BHASS,TRE,
BHASS,TVAL,
BHASS,UADH,
BHASS,UBCI,
BHASS,UIB,
BHASS,UMED,
BHASS,WIFAK,
BHASS,XABYT,
BHL,BIAT,
BHL,BL,
BHL,BNA,
BHL,BT,
BHL,BTE,
BHL,CC,
BHL,CELL,
BHL,CIL,
BHL,CITY,
BHL,CREAL,
BHL,DH,
BHL,ECYCL,
BHL,ELBEN,
BHL,GIF,
BHL,HL,
BHL,ICF,
BHL,LNDOR,
BHL,LSTR,
BHL,MAG,
BHL,MGR,
BHL,MIP,
BHL,MNP,
BHL,MPBS,
BHL,NAKL,
BHL,NBL,
BHL,OTH,
BHL,PGH,
BHL,PLAST,
BHL,PLTU,
BHL,SAH,
BHL,SAM,
BHL,SCB,
BHL,SERVI,
BHL,SFBT,
BHL,SIAME,
BHL,SIMPA,
BHL,SIPHA,
BHL,SITS,
BHL,SMART,
BHL,SMD,
BHL,SOKNA,
BHL,SOMOC,
BHL,SOPAT,
BHL,SOTEM,
BHL,SOTET,
BHL,SOTUV,
BHL,SPDIT,
BHL,SPHAX,
BHL,STA,
BHL,STAR,
BHL,STB,
BHL,STEQ,
BHL,STIP,
BHL,STPAP,
BHL,STPIL,
BHL,TAIR,
BHL,TGH,
BHL,TINV,
BHL,TJARI,
BHL,TJL,
BHL,TLNET,
BHL,TLS,
BHL,TPR,
BHL,TRE,
BHL,TVAL,
BHL,UADH,
BHL,UBCI,
BHL,UIB,
BHL,UMED,
BHL,WIFAK,
BHL,XABYT,
BIAT,BL,
BIAT,BNA,
BIAT,BT,
BIAT,BTE,
BIAT,CC,
BIAT,CELL,
BIAT,CIL,
BIAT,CITY,
BIAT,CREAL,
BIAT,DH,
BIAT,ECYCL,
BIAT,ELBEN,
BIAT,GIF,
BIAT,HL,
BIAT,ICF,
BIAT,LNDOR,
BIAT,LSTR,
BIAT,MAG,
BIAT,MGR,
BIAT,MIP,
BIAT,MNP,
BIAT,MPBS,
BIAT,NAKL,
BIAT,NBL,
BIAT,OTH,
BIAT,PGH,
BIAT,PLAST,
BIAT,PLTU,
BIAT,SAH,
BIAT,SAM,
BIAT,SCB,
BIAT,SERVI,
BIAT,SFBT,
BIAT,SIAME,
BIAT,SIMPA,
BIAT,SIPHA,
BIAT,SITS,
BIAT,SMART,
BIAT,SMD,
BIAT,SOKNA,
BIAT,SOMOC,
BIAT,SOPAT,
BIAT,SOTEM,
BIAT,SOTET,
BIAT,SOTUV,
BIAT,SPDIT,
BIAT,SPHAX,
BIAT,STA,
BIAT,STAR,
BIAT,STB,
BIAT,STEQ,
BIAT,STIP,
BIAT,STPAP,
BIAT,STPIL,
BIAT,TAIR,
BIAT,TGH,
BIAT,TINV,
BIAT,TJARI,
BIAT,TJL,
BIAT,TLNET,
BIAT,TLS,
BIAT,TPR,
BIAT,TRE,
BIAT,TVAL,
BIAT,UADH,
BIAT,UBCI,
BIAT,UIB,
BIAT,UMED,
BIAT,WIFAK,
BIAT,XABYT,
BL,BNA,
BL,BT,
BL,BTE,
BL,CC,
BL,CELL,
BL,CIL,
BL,CITY,
BL,CREAL,
BL,DH,
BL,ECYCL,
BL,ELBEN,
BL,GIF,
BL,HL,
BL,ICF,
BL,LNDOR,
BL,LSTR,
BL,MAG,
BL,MGR,
BL,MIP,
BL,MNP,
BL,MPBS,
BL,NAKL,
BL,NBL,
BL,OTH,
BL,PGH,
BL,PLAST,
BL,PLTU,
BL,SAH,
BL,SAM,
BL,SCB,
BL,SERVI,
BL,SFBT,
BL,SIAME,
BL,SIMPA,
BL,SIPHA,
BL,SITS,
BL,SMART,
BL,SMD,
BL,SOKNA,
BL,SOMOC,
BL,SOPAT,
BL,SOTEM,
BL,SOTET,
BL,SOTUV,
BL,SPDIT,
BL,SPHAX,
BL,STA,
BL,STAR,
BL,STB,
BL,STEQ,
BL,STIP,
BL,STPAP,
BL,STPIL,
BL,TAIR,
BL,TGH,
BL,TINV,
BL,TJARI,
BL,TJL,
BL,TLNET,
BL,TLS,
BL,TPR,
BL,TRE,
BL,TVAL,
BL,UADH,
BL,UBCI,
BL,UIB,
BL,UMED,
BL,WIFAK,
BL,XABYT,
BNA,BT,
BNA,BTE,
BNA,CC,
BNA,CELL,
BNA,CIL,
BNA,CITY,
BNA,CREAL,
BNA,DH,
BNA,ECYCL,
BNA,ELBEN,
BNA,GIF,
BNA,HL,
BNA,ICF,
BNA,LNDOR,
BNA,LSTR,
BNA,MAG,
BNA,MGR,
BNA,MIP,
BNA,MNP,
BNA,MPBS,
BNA,NAKL,
BNA,NBL,
BNA,OTH,
BNA,PGH,
BNA,PLAST,
BNA,PLTU,
BNA,SAH,
BNA,SAM,
BNA,SCB,
BNA,SERVI,
BNA,SFBT,
BNA,SIAME,
BNA,SIMPA,
BNA,SIPHA,
BNA,SITS,
BNA,SMART,
BNA,SMD,
BNA,SOKNA,
BNA,SOMOC,
BNA,SOPAT,
BNA,SOTEM,
BNA,SOTET,
BNA,SOTUV,
BNA,SPDIT,
BNA,SPHAX,
BNA,STA,
BNA,STAR,
BNA,STB,
BNA,STEQ,
BNA,STIP,
BNA,STPAP,
BNA,STPIL,
BNA,TAIR,
BNA,TGH,
BNA,TINV,
BNA,TJARI,
BNA,TJL,
BNA,TLNET,
BNA,TLS,
BNA,TPR,
BNA,TRE,
BNA,TVAL,
BNA,UADH,
BNA,UBCI,
BNA,UIB,
BNA,UMED,
BNA,WIFAK,
BNA,XABYT,
BT,BTE,
BT,CC,
BT,CELL,
BT,CIL,
BT,CITY,
BT,CREAL,
BT,DH,
BT,ECYCL,
BT,ELBEN,
BT,GIF,
BT,HL,
BT,ICF,
BT,LNDOR,
BT,LSTR,
BT,MAG,
BT,MGR,
BT,MIP,
BT,MNP,
BT,MPBS,
BT,NAKL,
BT,NBL,
BT,OTH,
BT,PGH,
BT,PLAST,
BT,PLTU,
BT,SAH,
BT,SAM,
BT,SCB,
BT,SERVI,
BT,SFBT,
BT,SIAME,
BT,SIMPA,
BT,SIPHA,
BT,SITS,
BT,SMART,
BT,SMD,
BT,SOKNA,
BT,SOMOC,
BT,SOPAT,
BT,SOTEM,
BT,SOTET,
BT,SOTUV,
BT,SPDIT,
BT,SPHAX,
BT,STA,
BT,STAR,
BT,STB,
BT,STEQ,
BT,STIP,
BT,STPAP,
BT,STPIL,
BT,TAIR,
BT,TGH,
BT,TINV,
BT,TJARI,
BT,TJL,
BT,TLNET,
BT,TLS,
BT,TPR,
BT,TRE,
BT,TVAL,
BT,UADH,
BT,UBCI,
BT,UIB,
BT,UMED,
BT,WIFAK,
BT,XABYT,
BTE,CC,
BTE,CELL,
BTE,CIL,
BTE,CITY,
BTE,CREAL,
BTE,DH,
BTE,ECYCL,
BTE,ELBEN,
BTE,GIF,
BTE,HL,
BTE,ICF,
BTE,LNDOR,
BTE,LSTR,
BTE,MAG,
BTE,MGR,
BTE,MIP,
BTE,MNP,
BTE,MPBS,
BTE,NAKL,
BTE,NBL,
BTE,OTH,
BTE,PGH,
BTE,PLAST,
BTE,PLTU,
BTE,SAH,
BTE,SAM,
BTE,SCB,
BTE,SERVI,
BTE,SFBT,
BTE,SIAME,
BTE,SIMPA,
BTE,SIPHA,
BTE,SITS,
BTE,SMART,
BTE,SMD,
BTE,SOKNA,
BTE,SOMOC,
BTE,SOPAT,
BTE,SOTEM,
BTE,SOTET,
BTE,SOTUV,
BTE,SPDIT,
BTE,SPHAX,
BTE,STA,
BTE,STAR,
BTE,STB,
BTE,STEQ,
BTE,STIP,
BTE,STPAP,
BTE,STPIL,
BTE,TAIR,
BTE,TGH,
BTE,TINV,
BTE,TJARI,
BTE,TJL,
BTE,TLNET,
BTE,TLS,
BTE,TPR,
BTE,TRE,
BTE,TVAL,
BTE,UADH,
BTE,UBCI,
BTE,UIB,
BTE,UMED,
BTE,WIFAK,
BTE,XABYT,
CC,CELL,
CC,CIL,
CC,CITY,
CC,CREAL,
CC,DH,
CC,ECYCL,
CC,ELBEN,
CC,GIF,
CC,HL,
CC,ICF,
CC,LNDOR,
CC,LSTR,
CC,MAG,
CC,MGR,
CC,MIP,
CC,MNP,
CC,MPBS,
CC,NAKL,
CC,NBL,
CC,OTH,
CC,PGH,
CC,PLAST,
CC,PLTU,
CC,SAH,
CC,SAM,
CC,SCB,
CC,SERVI,
CC,SFBT,
CC,SIAME,
CC,SIMPA,
CC,SIPHA,
CC,SITS,
CC,SMART,
CC,SMD,
CC,SOKNA,
CC,SOMOC,
CC,SOPAT,
CC,SOTEM,
CC,SOTET,
CC,SOTUV,
CC,SPDIT,
CC,SPHAX,
CC,STA,
CC,STAR,
CC,STB,
CC,STEQ,
CC,STIP,
CC,STPAP,
CC,STPIL,
CC,TAIR,
CC,TGH,
CC,TINV,
CC,TJARI,
CC,TJL,
CC,TLNET,
CC,TLS,
CC,TPR,
CC,TRE,
CC,TVAL,
CC,UADH,
CC,UBCI,
CC,UIB,
CC,UMED,
CC,WIFAK,
CC,XABYT,
CELL,CIL,
CELL,CITY,
CELL,CREAL,
CELL,DH,
CELL,ECYCL,
CELL,ELBEN,
CELL,GIF,
CELL,HL,
CELL,ICF,
CELL,LNDOR,
CELL,LSTR,
CELL,MAG,
CELL,MGR,
CELL,MIP,
CELL,MNP,
CELL,MPBS,
CELL,NAKL,
CELL,NBL,
CELL,OTH,
CELL,PGH,
CELL,PLAST,
CELL,PLTU,
CELL,SAH,
CELL,SAM,
CELL,SCB,
CELL,SERVI,
CELL,SFBT,
CELL,SIAME,
CELL,SIMPA,
CELL,SIPHA,
CELL,SITS,
CELL,SMART,
CELL,SMD,
CELL,SOKNA,
CELL,SOMOC,
CELL,SOPAT,
CELL,SOTEM,
CELL,SOTET,
CELL,SOTUV,
CELL,SPDIT,
CELL,SPHAX,
CELL,STA,
CELL,STAR,
CELL,STB,
CELL,STEQ,
CELL,STIP,
CELL,STPAP,
CELL,STPIL,
CELL,TAIR,
CELL,TGH,
CELL,TINV,
CELL,TJARI,
CELL,TJL,
CELL,TLNET,
CELL,TLS,
CELL,TPR,
CELL,TRE,
CELL,TVAL,
CELL,UADH,
CELL,UBCI,
CELL,UIB,
CELL,UMED,
CELL,WIFAK,
CELL,XABYT,
CIL,CITY,
CIL,CREAL,
CIL,DH,
CIL,ECYCL,
CIL,ELBEN,
CIL,GIF,
CIL,HL,
CIL,ICF,
CIL,LNDOR,
CIL,LSTR,
CIL,MAG,
CIL,MGR,
CIL,MIP,
CIL,MNP,
CIL,MPBS,
CIL,NAKL,
CIL,NBL,
CIL,OTH,
CIL,PGH,
CIL,PLAST,
CIL,PLTU,
CIL,SAH,
CIL,SAM,
CIL,SCB,
CIL,SERVI,
CIL,SFBT,
CIL,SIAME,
CIL,SIMPA,
CIL,SIPHA,
CIL,SITS,
CIL,SMART,
CIL,SMD,
CIL,SOKNA,
CIL,SOMOC,
CIL,SOPAT,
CIL,SOTEM,
CIL,SOTET,
CIL,SOTUV,
CIL,SPDIT,
CIL,SPHAX,
CIL,STA,
CIL,STAR,
CIL,STB,
CIL,STEQ,
CIL,STIP,
CIL,STPAP,
CIL,STPIL,
CIL,TAIR,
CIL,TGH,
CIL,TINV,
CIL,TJARI,
CIL,TJL,
CIL,TLNET,
CIL,TLS,
CIL,TPR,
CIL,TRE,
CIL,TVAL,
CIL,UADH,
CIL,UBCI,
CIL,UIB,
CIL,UMED,
CIL,WIFAK,
CIL,XABYT,
CITY,CREAL,
CITY,DH,
CITY,ECYCL,
CITY,ELBEN,
CITY,GIF,
CITY,HL,
CITY,ICF,
CITY,LNDOR,
CITY,LSTR,
CITY,MAG,
CITY,MGR,
CITY,MIP,
CITY,MNP,
CITY,MPBS,
CITY,NAKL,
CITY,NBL,
CITY,OTH,
CITY,PGH,
CITY,PLAST,
CITY,PLTU,
CITY,SAH,
CITY,SAM,
CITY,SCB,
CITY,SERVI,
CITY,SFBT,
CITY,SIAME,
CITY,SIMPA,
CITY,SIPHA,
CITY,SITS,
CITY,SMART,
CITY,SMD,
CITY,SOKNA,
CITY,SOMOC,
CITY,SOPAT,
CITY,SOTEM,
CITY,SOTET,
CITY,SOTUV,
CITY,SPDIT,
CITY,SPHAX,
CITY,STA,
CITY,STAR,
CITY,STB,
CITY,STEQ,
CITY,STIP,
CITY,STPAP,
CITY,STPIL,
CITY,TAIR,
CITY,TGH,
CITY,TINV,
CITY,TJARI,
CITY,TJL,
CITY,TLNET,
CITY,TLS,
CITY,TPR,
CITY,TRE,
CITY,TVAL,
CITY,UADH,
CITY,UBCI,
CITY,UIB,
CITY,UMED,
CITY,WIFAK,
CITY,XABYT,
CREAL,DH,
CREAL,ECYCL,
CREAL,ELBEN,
CREAL,GIF,
CREAL,HL,
CREAL,ICF,
CREAL,LNDOR,
CREAL,LSTR,
CREAL,MAG,
CREAL,MGR,
CREAL,MIP,
CREAL,MNP,
CREAL,MPBS,
CREAL,NAKL,
CREAL,NBL,
CREAL,OTH,
CREAL,PGH,
CREAL,PLAST,
CREAL,PLTU,
CREAL,SAH,
CREAL,SAM,
CREAL,SCB,
CREAL,SERVI,
CREAL,SFBT,
CREAL,SIAME,
CREAL,SIMPA,
CREAL,SIPHA,
CREAL,SITS,
CREAL,SMART,
CREAL,SMD,
CREAL,SOKNA,
CREAL,SOMOC,
CREAL,SOPAT,
CREAL,SOTEM,
CREAL,SOTET,
CREAL,SOTUV,
CREAL,SPDIT,
CREAL,SPHAX,
CREAL,STA,
CREAL,STAR,
CREAL,STB,
CREAL,STEQ,
CREAL,STIP,
CREAL,STPAP,
CREAL,STPIL,
CREAL,TAIR,
CREAL,TGH,
CREAL,TINV,
CREAL,TJARI,
CREAL,TJL,
CREAL,TLNET,
CREAL,TLS,
CREAL,TPR,
CREAL,TRE,
CREAL,TVAL,
CREAL,UADH,
CREAL,UBCI,
CREAL,UIB,
CREAL,UMED,
CREAL,WIFAK,
CREAL,XABYT,
DH,ECYCL,
DH,ELBEN,
DH,GIF,
DH,HL,
DH,ICF,
DH,LNDOR,
DH,LSTR,
DH,MAG,
DH,MGR,
DH,MIP,
DH,MNP,
DH,MPBS,
DH,NAKL,
DH,NBL,
DH,OTH,
DH,PGH,
DH,PLAST,
DH,PLTU,
DH,SAH,
DH,SAM,
DH,SCB,
DH,SERVI,
DH,SFBT,
DH,SIAME,
DH,SIMPA,
DH,SIPHA,
DH,SITS,
DH,SMART,
DH,SMD,
DH,SOKNA,
DH,SOMOC,
DH,SOPAT,
DH,SOTEM,
DH,SOTET,
DH,SOTUV,
DH,SPDIT,
DH,SPHAX,
DH,STA,
DH,STAR,
DH,STB,
DH,STEQ,
DH,STIP,
DH,STPAP,
DH,STPIL,
DH,TAIR,
DH,TGH,
DH,TINV,
DH,TJARI,
DH,TJL,
DH,TLNET,
DH,TLS,
DH,TPR,
DH,TRE,
DH,TVAL,
DH,UADH,
DH,UBCI,
DH,UIB,
DH,UMED,
DH,WIFAK,
DH,XABYT,
ECYCL,ELBEN,
ECYCL,GIF,
ECYCL,HL,
ECYCL,ICF,
ECYCL,LNDOR,
ECYCL,LSTR,
ECYCL,MAG,
ECYCL,MGR,
ECYCL,MIP,
ECYCL,MNP,
ECYCL,MPBS,
ECYCL,NAKL,
ECYCL,NBL,
ECYCL,OTH,
ECYCL,PGH,
ECYCL,PLAST,
ECYCL,PLTU,
ECYCL,SAH,
ECYCL,SAM,
ECYCL,SCB,
ECYCL,SERVI,
ECYCL,SFBT,
ECYCL,SIAME,
ECYCL,SIMPA,
ECYCL,SIPHA,
ECYCL,SITS,
ECYCL,SMART,
ECYCL,SMD,
ECYCL,SOKNA,
ECYCL,SOMOC,
ECYCL,SOPAT,
ECYCL,SOTEM,
ECYCL,SOTET,
ECYCL,SOTUV,
ECYCL,SPDIT,
ECYCL,SPHAX,
ECYCL,STA,
ECYCL,STAR,
ECYCL,STB,
ECYCL,STEQ,
ECYCL,STIP,
ECYCL,STPAP,
ECYCL,STPIL,
ECYCL,TAIR,
ECYCL,TGH,
ECYCL,TINV,
ECYCL,TJARI,
ECYCL,TJL,
ECYCL,TLNET,
ECYCL,TLS,
ECYCL,TPR,
ECYCL,TRE,
ECYCL,TVAL,
ECYCL,UADH,
ECYCL,UBCI,
ECYCL,UIB,
ECYCL,UMED,
ECYCL,WIFAK,
ECYCL,XABYT,
ELBEN,GIF,
ELBEN,HL,
ELBEN,ICF,
ELBEN,LNDOR,
ELBEN,LSTR,
ELBEN,MAG,
ELBEN,MGR,
ELBEN,MIP,
ELBEN,MNP,
ELBEN,MPBS,
ELBEN,NAKL,
ELBEN,NBL,
ELBEN,OTH,
ELBEN,PGH,
ELBEN,PLAST,
ELBEN,PLTU,
ELBEN,SAH,
ELBEN,SAM,
ELBEN,SCB,
ELBEN,SERVI,
ELBEN,SFBT,
ELBEN,SIAME,
ELBEN,SIMPA,
ELBEN,SIPHA,
ELBEN,SITS,
ELBEN,SMART,
ELBEN,SMD,
ELBEN,SOKNA,
ELBEN,SOMOC,
ELBEN,SOPAT,
ELBEN,SOTEM,
ELBEN,SOTET,
ELBEN,SOTUV,
ELBEN,SPDIT,
ELBEN,SPHAX,
ELBEN,STA,
ELBEN,STAR,
ELBEN,STB,
ELBEN,STEQ,
ELBEN,STIP,
ELBEN,STPAP,
ELBEN,STPIL,
ELBEN,TAIR,
ELBEN,TGH,
ELBEN,TINV,
ELBEN,TJARI,
ELBEN,TJL,
ELBEN,TLNET,
ELBEN,TLS,
ELBEN,TPR,
ELBEN,TRE,
ELBEN,TVAL,
ELBEN,UADH,
ELBEN,UBCI,
ELBEN,UIB,
ELBEN,UMED,
ELBEN,WIFAK,
ELBEN,XABYT,
GIF,HL,
GIF,ICF,
GIF,LNDOR,
GIF,LSTR,
GIF,MAG,
GIF,MGR,
GIF,MIP,
GIF,MNP,
GIF,MPBS,
GIF,NAKL,
GIF,NBL,
GIF,OTH,
GIF,PGH,
GIF,PLAST,
GIF,PLTU,
GIF,SAH,
GIF,SAM,
GIF,SCB,
GIF,SERVI,
GIF,SFBT,
GIF,SIAME,
GIF,SIMPA,
GIF,SIPHA,
GIF,SITS,
GIF,SMART,
GIF,SMD,
GIF,SOKNA,
GIF,SOMOC,
GIF,SOPAT,
GIF,SOTEM,
GIF,SOTET,
GIF,SOTUV,
GIF,SPDIT,
GIF,SPHAX,
GIF,STA,
GIF,STAR,
GIF,STB,
GIF,STEQ,
GIF,STIP,
GIF,STPAP,
GIF,STPIL,
GIF,TAIR,
GIF,TGH,
GIF,TINV,
GIF,TJARI,
GIF,TJL,
GIF,TLNET,
GIF,TLS,
GIF,TPR,
GIF,TRE,
GIF,TVAL,
GIF,UADH,
GIF,UBCI,
GIF,UIB,
GIF,UMED,
GIF,WIFAK,
GIF,XABYT,
HL,ICF,
HL,LNDOR,
HL,LSTR,
HL,MAG,
HL,MGR,
HL,MIP,
HL,MNP,
HL,MPBS,
HL,NAKL,
HL,NBL,
HL,OTH,
HL,PGH,
HL,PLAST,
HL,PLTU,
HL,SAH,
HL,SAM,
HL,SCB,
HL,SERVI,
HL,SFBT,
HL,SIAME,
HL,SIMPA,
HL,SIPHA,
HL,SITS,
HL,SMART,
HL,SMD,
HL,SOKNA,
HL,SOMOC,
HL,SOPAT,
HL,SOTEM,
HL,SOTET,
HL,SOTUV,
HL,SPDIT,
HL,SPHAX,
HL,STA,
HL,STAR,
HL,STB,
HL,STEQ,
HL,STIP,
HL,STPAP,
HL,STPIL,
HL,TAIR,
HL,TGH,
HL,TINV,
HL,TJARI,
HL,TJL,
HL,TLNET,
HL,TLS,
HL,TPR,
HL,TRE,
HL,TVAL,
HL,UADH,
HL,UBCI,
HL,UIB,
HL,UMED,
HL,WIFAK,
HL,XABYT,
ICF,LNDOR,
ICF,LSTR,
ICF,MAG,
ICF,MGR,
ICF,MIP,
ICF,MNP,
ICF,MPBS,
ICF,NAKL,
ICF,NBL,
ICF,OTH,
ICF,PGH,
ICF,PLAST,
ICF,PLTU,
ICF,SAH,
ICF,SAM,
ICF,SCB,
ICF,SERVI,
ICF,SFBT,
ICF,SIAME,
ICF,SIMPA,
ICF,SIPHA,
ICF,SITS,
ICF,SMART,
ICF,SMD,
ICF,SOKNA,
ICF,SOMOC,
ICF,SOPAT,
ICF,SOTEM,
ICF,SOTET,
ICF,SOTUV,
ICF,SPDIT,
ICF,SPHAX,
ICF,STA,
ICF,STAR,
ICF,STB,
ICF,STEQ,
ICF,STIP,
ICF,STPAP,
ICF,STPIL,
ICF,TAIR,
ICF,TGH,
ICF,TINV,
ICF,TJARI,
ICF,TJL,
ICF,TLNET,
ICF,TLS,
ICF,TPR,
ICF,TRE,
ICF,TVAL,
ICF,UADH,
ICF,UBCI,
ICF,UIB,
ICF,UMED,
ICF,WIFAK,
ICF,XABYT,
LNDOR,LSTR,
LNDOR,MAG,
LNDOR,MGR,
LNDOR,MIP,
LNDOR,MNP,
LNDOR,MPBS,
LNDOR,NAKL,
LNDOR,NBL,
LNDOR,OTH,
LNDOR,PGH,
LNDOR,PLAST,
LNDOR,PLTU,
LNDOR,SAH,
LNDOR,SAM,
LNDOR,SCB,
LNDOR,SERVI,
LNDOR,SFBT,
LNDOR,SIAME,
LNDOR,SIMPA,
LNDOR,SIPHA,
LNDOR,SITS,
LNDOR,SMART,
LNDOR,SMD,
LNDOR,SOKNA,
LNDOR,SOMOC,
LNDOR,SOPAT,
LNDOR,SOTEM,
LNDOR,SOTET,
LNDOR,SOTUV,
LNDOR,SPDIT,
LNDOR,SPHAX,
LNDOR,STA,
LNDOR,STAR,
LNDOR,STB,
LNDOR,STEQ,
LNDOR,STIP,
LNDOR,STPAP,
LNDOR,STPIL,
LNDOR,TAIR,
LNDOR,TGH,
LNDOR,TINV,
LNDOR,TJARI,
LNDOR,TJL,
LNDOR,TLNET,
LNDOR,TLS,
LNDOR,TPR,
LNDOR,TRE,
LNDOR,TVAL,
LNDOR,UADH,
LNDOR,UBCI,
LNDOR,UIB,
LNDOR,UMED,
LNDOR,WIFAK,
LNDOR,XABYT,
LSTR,MAG,
LSTR,MGR,
LSTR,MIP,
LSTR,MNP,
LSTR,MPBS,
LSTR,NAKL,
LSTR,NBL,
LSTR,OTH,
LSTR,PGH,
LSTR,PLAST,
LSTR,PLTU,
LSTR,SAH,
LSTR,SAM,
LSTR,SCB,
LSTR,SERVI,
LSTR,SFBT,
LSTR,SIAME,
LSTR,SIMPA,
LSTR,SIPHA,
LSTR,SITS,
LSTR,SMART,
LSTR,SMD,
LSTR,SOKNA,
LSTR,SOMOC,
LSTR,SOPAT,
LSTR,SOTEM,
LSTR,SOTET,
LSTR,SOTUV,
LSTR,SPDIT,
LSTR,SPHAX,
LSTR,STA,
LSTR,STAR,
LSTR,STB,
LSTR,STEQ,
LSTR,STIP,
LSTR,STPAP,
LSTR,STPIL,
LSTR,TAIR,
LSTR,TGH,
LSTR,TINV,
LSTR,TJARI,
LSTR,TJL,
LSTR,TLNET,
LSTR,TLS,
LSTR,TPR,
LSTR,TRE,
LSTR,TVAL,
LSTR,UADH,
LSTR,UBCI,
LSTR,UIB,
LSTR,UMED,
LSTR,WIFAK,
LSTR,XABYT,
MAG,MGR,
MAG,MIP,
MAG,MNP,
MAG,MPBS,
MAG,NAKL,
MAG,NBL,
MAG,OTH,
MAG,PGH,
MAG,PLAST,
MAG,PLTU,
MAG,SAH,
MAG,SAM,
MAG,SCB,
MAG,SERVI,
MAG,SFBT,
MAG,SIAME,
MAG,SIMPA,
MAG,SIPHA,
MAG,SITS,
MAG,SMART,
MAG,SMD,
MAG,SOKNA,
MAG,SOMOC,
MAG,SOPAT,
MAG,SOTEM,
MAG,SOTET,
MAG,SOTUV,
MAG,SPDIT,
MAG,SPHAX,
MAG,STA,
MAG,STAR,
MAG,STB,
MAG,STEQ,
MAG,STIP,
MAG,STPAP,
MAG,STPIL,
MAG,TAIR,
MAG,TGH,
MAG,TINV,
MAG,TJARI,
MAG,TJL,
MAG,TLNET,
MAG,TLS,
MAG,TPR,
MAG,TRE,
MAG,TVAL,
MAG,UADH,
MAG,UBCI,
MAG,UIB,
MAG,UMED,
MAG,WIFAK,
MAG,XABYT,
MGR,MIP,
MGR,MNP,
MGR,MPBS,
MGR,NAKL,
MGR,NBL,
MGR,OTH,
MGR,PGH,
MGR,PLAST,
MGR,PLTU,
MGR,SAH,
MGR,SAM,
MGR,SCB,
MGR,SERVI,
MGR,SFBT,
MGR,SIAME,
MGR,SIMPA,
MGR,SIPHA,
MGR,SITS,
MGR,SMART,
MGR,SMD,
MGR,SOKNA,
MGR,SOMOC,
MGR,SOPAT,
MGR,SOTEM,
MGR,SOTET,
MGR,SOTUV,
MGR,SPDIT,
MGR,SPHAX,
MGR,STA,
MGR,STAR,
MGR,STB,
MGR,STEQ,
MGR,STIP,
MGR,STPAP,
MGR,STPIL,
MGR,TAIR,
MGR,TGH,
MGR,TINV,
MGR,TJARI,
MGR,TJL,
MGR,TLNET,
MGR,TLS,
MGR,TPR,
MGR,TRE,
MGR,TVAL,
MGR,UADH,
MGR,UBCI,
MGR,UIB,
MGR,UMED,
MGR,WIFAK,
MGR,XABYT,
MIP,MNP,
MIP,MPBS,
MIP,NAKL,
MIP,NBL,
MIP,OTH,
MIP,PGH,
MIP,PLAST,
MIP,PLTU,
MIP,SAH,
MIP,SAM,
MIP,SCB,
MIP,SERVI,
MIP,SFBT,
MIP,SIAME,
MIP,SIMPA,
MIP,SIPHA,
MIP,SITS,
MIP,SMART,
MIP,SMD,
MIP,SOKNA,
MIP,SOMOC,
MIP,SOPAT,
MIP,SOTEM,
MIP,SOTET,
MIP,SOTUV,
MIP,SPDIT,
MIP,SPHAX,
MIP,STA,
MIP,STAR,
MIP,STB,
MIP,STEQ,
MIP,STIP,
MIP,STPAP,
MIP,STPIL,
MIP,TAIR,
MIP,TGH,
MIP,TINV,
MIP,TJARI,
MIP,TJL,
MIP,TLNET,
MIP,TLS,
MIP,TPR,
MIP,TRE,
MIP,TVAL,
MIP,UADH,
MIP,UBCI,
MIP,UIB,
MIP,UMED,
MIP,WIFAK,
MIP,XABYT,
MNP,MPBS,
MNP,NAKL,
MNP,NBL,
MNP,OTH,
MNP,PGH,
MNP,PLAST,
MNP,PLTU,
MNP,SAH,
MNP,SAM,
MNP,SCB,
MNP,SERVI,
MNP,SFBT,
MNP,SIAME,
MNP,SIMPA,
MNP,SIPHA,
MNP,SITS,
MNP,SMART,
MNP,SMD,
MNP,SOKNA,
MNP,SOMOC,
MNP,SOPAT,
MNP,SOTEM,
MNP,SOTET,
MNP,SOTUV,
MNP,SPDIT,
MNP,SPHAX,
MNP,STA,
MNP,STAR,
MNP,STB,
MNP,STEQ,
MNP,STIP,
MNP,STPAP,
MNP,STPIL,
MNP,TAIR,
MNP,TGH,
MNP,TINV,
MNP,TJARI,
MNP,TJL,
MNP,TLNET,
MNP,TLS,
MNP,TPR,
MNP,TRE,
MNP,TVAL,
MNP,UADH,
MNP,UBCI,
MNP,UIB,
MNP,UMED,
MNP,WIFAK,
MNP,XABYT,
MPBS,NAKL,
MPBS,NBL,
MPBS,OTH,
MPBS,PGH,
MPBS,PLAST,
MPBS,PLTU,
MPBS,SAH,
MPBS,SAM,
MPBS,SCB,
MPBS,SERVI,
MPBS,SFBT,
MPBS,SIAME,
MPBS,SIMPA,
MPBS,SIPHA,
MPBS,SITS,
MPBS,SMART,
MPBS,SMD,
MPBS,SOKNA,
MPBS,SOMOC,
MPBS,SOPAT,
MPBS,SOTEM,
MPBS,SOTET,
MPBS,SOTUV,
MPBS,SPDIT,
MPBS,SPHAX,
MPBS,STA,
MPBS,STAR,
MPBS,STB,
MPBS,STEQ,
MPBS,STIP,
MPBS,STPAP,
MPBS,STPIL,
MPBS,TAIR,
MPBS,TGH,
MPBS,TINV,
MPBS,TJARI,
MPBS,TJL,
MPBS,TLNET,
MPBS,TLS,
MPBS,TPR,
MPBS,TRE,
MPBS,TVAL,
MPBS,UADH,
MPBS,UBCI,
MPBS,UIB,
MPBS,UMED,
MPBS,WIFAK,
MPBS,XABYT,
NAKL,NBL,
NAKL,OTH,
NAKL,PGH,
NAKL,PLAST,
NAKL,PLTU,
NAKL,SAH,
NAKL,SAM,
NAKL,SCB,
NAKL,SERVI,
NAKL,SFBT,
NAKL,SIAME,
NAKL,SIMPA,
NAKL,SIPHA,
NAKL,SITS,
NAKL,SMART,
NAKL,SMD,
NAKL,SOKNA,
NAKL,SOMOC,
NAKL,SOPAT,
NAKL,SOTEM,
NAKL,SOTET,
NAKL,SOTUV,
NAKL,SPDIT,
NAKL,SPHAX,
NAKL,STA,
NAKL,STAR,
NAKL,STB,
NAKL,STEQ,
NAKL,STIP,
NAKL,STPAP,
NAKL,STPIL,
NAKL,TAIR,
NAKL,TGH,
NAKL,TINV,
NAKL,TJARI,
NAKL,TJL,
NAKL,TLNET,
NAKL,TLS,
NAKL,TPR,
NAKL,TRE,
NAKL,TVAL,
NAKL,UADH,
NAKL,UBCI,
NAKL,UIB,
NAKL,UMED,
NAKL,WIFAK,
NAKL,XABYT,
NBL,OTH,
NBL,PGH,
NBL,PLAST,
NBL,PLTU,
NBL,SAH,
NBL,SAM,
NBL,SCB,
NBL,SERVI,
NBL,SFBT,
NBL,SIAME,
NBL,SIMPA,
NBL,SIPHA,
NBL,SITS,
NBL,SMART,
NBL,SMD,
NBL,SOKNA,
NBL,SOMOC,
NBL,SOPAT,
NBL,SOTEM,
NBL,SOTET,
NBL,SOTUV,
NBL,SPDIT,
NBL,SPHAX,
NBL,STA,
NBL,STAR,
NBL,STB,
NBL,STEQ,
NBL,STIP,
NBL,STPAP,
NBL,STPIL,
NBL,TAIR,
NBL,TGH,
NBL,TINV,
NBL,TJARI,
NBL,TJL,
NBL,TLNET,
NBL,TLS,
NBL,TPR,
NBL,TRE,
NBL,TVAL,
NBL,UADH,
NBL,UBCI,
NBL,UIB,
NBL,UMED,
NBL,WIFAK,
NBL,XABYT,
OTH,PGH,
OTH,PLAST,
OTH,PLTU,
OTH,SAH,
OTH,SAM,
OTH,SCB,
OTH,SERVI,
OTH,SFBT,
OTH,SIAME,
OTH,SIMPA,
OTH,SIPHA,
OTH,SITS,
OTH,SMART,
OTH,SMD,
OTH,SOKNA,
OTH,SOMOC,
OTH,SOPAT,
OTH,SOTEM,
OTH,SOTET,
OTH,SOTUV,
OTH,SPDIT,
OTH,SPHAX,
OTH,STA,
OTH,STAR,
OTH,STB,
OTH,STEQ,
OTH,STIP,
OTH,STPAP,
OTH,STPIL,
OTH,TAIR,
OTH,TGH,
OTH,TINV,
OTH,TJARI,
OTH,TJL,
OTH,TLNET,
OTH,TLS,
OTH,TPR,
OTH,TRE,
OTH,TVAL,
OTH,UADH,
OTH,UBCI,
OTH,UIB,
OTH,UMED,
OTH,WIFAK,
OTH,XABYT,
PGH,PLAST,
PGH,PLTU,
PGH,SAH,
PGH,SAM,
PGH,SCB,
PGH,SERVI,
PGH,SFBT,
PGH,SIAME,
PGH,SIMPA,
PGH,SIPHA,
PGH,SITS,
PGH,SMART,
PGH,SMD,
PGH,SOKNA,
PGH,SOMOC,
PGH,SOPAT,
PGH,SOTEM,
PGH,SOTET,
PGH,SOTUV,
PGH,SPDIT,
PGH,SPHAX,
PGH,STA,
PGH,STAR,
PGH,STB,
PGH,STEQ,
PGH,STIP,
PGH,STPAP,
PGH,STPIL,
PGH,TAIR,
PGH,TGH,
PGH,TINV,
PGH,TJARI,
PGH,TJL,
PGH,TLNET,
PGH,TLS,
PGH,TPR,
PGH,TRE,
PGH,TVAL,
PGH,UADH,
PGH,UBCI,
PGH,UIB,
PGH,UMED,
PGH,WIFAK,
PGH,XABYT,
PLAST,PLTU,
PLAST,SAH,
PLAST,SAM,
PLAST,SCB,
PLAST,SERVI,
PLAST,SFBT,
PLAST,SIAME,
PLAST,SIMPA,
PLAST,SIPHA,
PLAST,SITS,
PLAST,SMART,
PLAST,SMD,
PLAST,SOKNA,
PLAST,SOMOC,
PLAST,SOPAT,
PLAST,SOTEM,
PLAST,SOTET,
PLAST,SOTUV,
PLAST,SPDIT,
PLAST,SPHAX,
PLAST,STA,
PLAST,STAR,
PLAST,STB,
PLAST,STEQ,
PLAST,STIP,
PLAST,STPAP,
PLAST,STPIL,
PLAST,TAIR,
PLAST,TGH,
PLAST,TINV,
PLAST,TJARI,
PLAST,TJL,
PLAST,TLNET,
PLAST,TLS,
PLAST,TPR,
PLAST,TRE,
PLAST,TVAL,
PLAST,UADH,
PLAST,UBCI,
PLAST,UIB,
PLAST,UMED,
PLAST,WIFAK,
PLAST,XABYT,
PLTU,SAH,
PLTU,SAM,
PLTU,SCB,
PLTU,SERVI,
PLTU,SFBT,
PLTU,SIAME,
PLTU,SIMPA,
PLTU,SIPHA,
PLTU,SITS,
PLTU,SMART,
PLTU,SMD,
PLTU,SOKNA,
PLTU,SOMOC,
PLTU,SOPAT,
PLTU,SOTEM,
PLTU,SOTET,
PLTU,SOTUV,
PLTU,SPDIT,
PLTU,SPHAX,
PLTU,STA,
PLTU,STAR,
PLTU,STB,
PLTU,STEQ,
PLTU,STIP,
PLTU,STPAP,
PLTU,STPIL,
PLTU,TAIR,
PLTU,TGH,
PLTU,TINV,
PLTU,TJARI,
PLTU,TJL,
PLTU,TLNET,
PLTU,TLS,
PLTU,TPR,
PLTU,TRE,
PLTU,TVAL,
PLTU,UADH,
PLTU,UBCI,
PLTU,UIB,
PLTU,UMED,
PLTU,WIFAK,
PLTU,XABYT,
SAH,SAM,
SAH,SCB,
SAH,SERVI,
SAH,SFBT,
SAH,SIAME,
SAH,SIMPA,
SAH,SIPHA,
SAH,SITS,
SAH,SMART,
SAH,SMD,
SAH,SOKNA,
SAH,SOMOC,
SAH,SOPAT,
SAH,SOTEM,
SAH,SOTET,
SAH,SOTUV,
SAH,SPDIT,
SAH,SPHAX,
SAH,STA,
SAH,STAR,
SAH,STB,
SAH,STEQ,
SAH,STIP,
SAH,STPAP,
SAH,STPIL,
SAH,TAIR,
SAH,TGH,
SAH,TINV,
SAH,TJARI,
SAH,TJL,
SAH,TLNET,
SAH,TLS,
SAH,TPR,
SAH,TRE,
SAH,TVAL,
SAH,UADH,
SAH,UBCI,
SAH,UIB,
SAH,UMED,
SAH,WIFAK,
SAH,XABYT,
SAM,SCB,
SAM,SERVI,
SAM,SFBT,
SAM,SIAME,
SAM,SIMPA,
SAM,SIPHA,
SAM,SITS,
SAM,SMART,
SAM,SMD,
SAM,SOKNA,
SAM,SOMOC,
SAM,SOPAT,
SAM,SOTEM,
SAM,SOTET,
SAM,SOTUV,
SAM,SPDIT,
SAM,SPHAX,
SAM,STA,
SAM,STAR,
SAM,STB,
SAM,STEQ,
SAM,STIP,
SAM,STPAP,
SAM,STPIL,
SAM,TAIR,
SAM,TGH,
SAM,TINV,
SAM,TJARI,
SAM,TJL,
SAM,TLNET,
SAM,TLS,
SAM,TPR,
SAM,TRE,
SAM,TVAL,
SAM,UADH,
SAM,UBCI,
SAM,UIB,
SAM,UMED,
SAM,WIFAK,
SAM,XABYT,
SCB,SERVI,
SCB,SFBT,
SCB,SIAME,
SCB,SIMPA,
SCB,SIPHA,
SCB,SITS,
SCB,SMART,
SCB,SMD,
SCB,SOKNA,
SCB,SOMOC,
SCB,SOPAT,
SCB,SOTEM,
SCB,SOTET,
SCB,SOTUV,
SCB,SPDIT,
SCB,SPHAX,
SCB,STA,
SCB,STAR,
SCB,STB,
SCB,STEQ,
SCB,STIP,
SCB,STPAP,
SCB,STPIL,
SCB,TAIR,
SCB,TGH,
SCB,TINV,
SCB,TJARI,
SCB,TJL,
SCB,TLNET,
SCB,TLS,
SCB,TPR,
SCB,TRE,
SCB,TVAL,
SCB,UADH,
SCB,UBCI,
SCB,UIB,
SCB,UMED,
SCB,WIFAK,
SCB,XABYT,
SERVI,SFBT,
SERVI,SIAME,
SERVI,SIMPA,
SERVI,SIPHA,
SERVI,SITS,
SERVI,SMART,
SERVI,SMD,
SERVI,SOKNA,
SERVI,SOMOC,
SERVI,SOPAT,
SERVI,SOTEM,
SERVI,SOTET,
SERVI,SOTUV,
SERVI,SPDIT,
SERVI,SPHAX,
SERVI,STA,
SERVI,STAR,
SERVI,STB,
SERVI,STEQ,
SERVI,STIP,
SERVI,STPAP,
SERVI,STPIL,
SERVI,TAIR,
SERVI,TGH,
SERVI,TINV,
SERVI,TJARI,
SERVI,TJL,
SERVI,TLNET,
SERVI,TLS,
SERVI,TPR,
SERVI,TRE,
SERVI,TVAL,
SERVI,UADH,
SERVI,UBCI,
SERVI,UIB,
SERVI,UMED,
SERVI,WIFAK,
SERVI,XABYT,
SFBT,SIAME,
SFBT,SIMPA,
SFBT,SIPHA,
SFBT,SITS,
SFBT,SMART,
SFBT,SMD,
SFBT,SOKNA,
SFBT,SOMOC,
SFBT,SOPAT,
SFBT,SOTEM,
SFBT,SOTET,
SFBT,SOTUV,
SFBT,SPDIT,
SFBT,SPHAX,
SFBT,STA,
SFBT,STAR,
SFBT,STB,
SFBT,STEQ,
SFBT,STIP,
SFBT,STPAP,
SFBT,STPIL,
SFBT,TAIR,
SFBT,TGH,
SFBT,TINV,
SFBT,TJARI,
SFBT,TJL,
SFBT,TLNET,
SFBT,TLS,
SFBT,TPR,
SFBT,TRE,
SFBT,TVAL,
SFBT,UADH,
SFBT,UBCI,
SFBT,UIB,
SFBT,UMED,
SFBT,WIFAK,
SFBT,XABYT,
SIAME,SIMPA,
SIAME,SIPHA,
SIAME,SITS,
SIAME,SMART,
SIAME,SMD,
SIAME,SOKNA,
SIAME,SOMOC,
SIAME,SOPAT,
SIAME,SOTEM,
SIAME,SOTET,
SIAME,SOTUV,
SIAME,SPDIT,
SIAME,SPHAX,
SIAME,STA,
SIAME,STAR,
SIAME,STB,
SIAME,STEQ,
SIAME,STIP,
SIAME,STPAP,
SIAME,STPIL,
SIAME,TAIR,
SIAME,TGH,
SIAME,TINV,
SIAME,TJARI,
SIAME,TJL,
SIAME,TLNET,
SIAME,TLS,
SIAME,TPR,
SIAME,TRE,
SIAME,TVAL,
SIAME,UADH,
SIAME,UBCI,
SIAME,UIB,
SIAME,UMED,
SIAME,WIFAK,
SIAME,XABYT,
SIMPA,SIPHA,
SIMPA,SITS,
SIMPA,SMART,
SIMPA,SMD,
SIMPA,SOKNA,
SIMPA,SOMOC,
SIMPA,SOPAT,
SIMPA,SOTEM,
SIMPA,SOTET,
SIMPA,SOTUV,
SIMPA,SPDIT,
SIMPA,SPHAX,
SIMPA,STA,
SIMPA,STAR,
SIMPA,STB,
SIMPA,STEQ,
SIMPA,STIP,
SIMPA,STPAP,
SIMPA,STPIL,
SIMPA,TAIR,
SIMPA,TGH,
SIMPA,TINV,
SIMPA,TJARI,
SIMPA,TJL,
SIMPA,TLNET,
SIMPA,TLS,
SIMPA,TPR,
SIMPA,TRE,
SIMPA,TVAL,
SIMPA,UADH,
SIMPA,UBCI,
SIMPA,UIB,
SIMPA,UMED,
SIMPA,WIFAK,
SIMPA,XABYT,
SIPHA,SITS,
SIPHA,SMART,
SIPHA,SMD,
SIPHA,SOKNA,
SIPHA,SOMOC,
SIPHA,SOPAT,
SIPHA,SOTEM,
SIPHA,SOTET,
SIPHA,SOTUV,
SIPHA,SPDIT,
SIPHA,SPHAX,
SIPHA,STA,
SIPHA,STAR,
SIPHA,STB,
SIPHA,STEQ,
SIPHA,STIP,
SIPHA,STPAP,
SIPHA,STPIL,
SIPHA,TAIR,
SIPHA,TGH,
SIPHA,TINV,
SIPHA,TJARI,
SIPHA,TJL,
SIPHA,TLNET,
SIPHA,TLS,
SIPHA,TPR,
SIPHA,TRE,
SIPHA,TVAL,
SIPHA,UADH,
SIPHA,UBCI,
SIPHA,UIB,
SIPHA,UMED,
SIPHA,WIFAK,
SIPHA,XABYT,
SITS,SMART,
SITS,SMD,
SITS,SOKNA,
SITS,SOMOC,
SITS,SOPAT,
SITS,SOTEM,
SITS,SOTET,
SITS,SOTUV,
SITS,SPDIT,
SITS,SPHAX,
SITS,STA,
SITS,STAR,
SITS,STB,
SITS,STEQ,
SITS,STIP,
SITS,STPAP,
SITS,STPIL,
SITS,TAIR,
SITS,TGH,
SITS,TINV,
SITS,TJARI,
SITS,TJL,
SITS,TLNET,
SITS,TLS,
SITS,TPR,
SITS,TRE,
SITS,TVAL,
SITS,UADH,
SITS,UBCI,
SITS,UIB,
SITS,UMED,
SITS,WIFAK,
SITS,XABYT,
SMART,SMD,
SMART,SOKNA,
SMART,SOMOC,
SMART,SOPAT,
SMART,SOTEM,
SMART,SOTET,
SMART,SOTUV,
SMART,SPDIT,
SMART,SPHAX,
SMART,STA,
SMART,STAR,
SMART,STB,
SMART,STEQ,
SMART,STIP,
SMART,STPAP,
SMART,STPIL,
SMART,TAIR,
SMART,TGH,
SMART,TINV,
SMART,TJARI,
SMART,TJL,
SMART,TLNET,
SMART,TLS,
SMART,TPR,
SMART,TRE,
SMART,TVAL,
SMART,UADH,
SMART,UBCI,
SMART,UIB,
SMART,UMED,
SMART,WIFAK,
SMART,XABYT,
SMD,SOKNA,
SMD,SOMOC,
SMD,SOPAT,
SMD,SOTEM,
SMD,SOTET,
SMD,SOTUV,
SMD,SPDIT,
SMD,SPHAX,
SMD,STA,
SMD,STAR,
SMD,STB,
SMD,STEQ,
SMD,STIP,
SMD,STPAP,
SMD,STPIL,
SMD,TAIR,
SMD,TGH,
SMD,TINV,
SMD,TJARI,
SMD,TJL,
SMD,TLNET,
SMD,TLS,
SMD,TPR,
SMD,TRE,
SMD,TVAL,
SMD,UADH,
SMD,UBCI,
SMD,UIB,
SMD,UMED,
SMD,WIFAK,
SMD,XABYT,
SOKNA,SOMOC,
SOKNA,SOPAT,
SOKNA,SOTEM,
SOKNA,SOTET,
SOKNA,SOTUV,
SOKNA,SPDIT,
SOKNA,SPHAX,
SOKNA,STA,
SOKNA,STAR,
SOKNA,STB,
SOKNA,STEQ,
SOKNA,STIP,
SOKNA,STPAP,
SOKNA,STPIL,
SOKNA,TAIR,
SOKNA,TGH,
SOKNA,TINV,
SOKNA,TJARI,
SOKNA,TJL,
SOKNA,TLNET,
SOKNA,TLS,
SOKNA,TPR,
SOKNA,TRE,
SOKNA,TVAL,
SOKNA,UADH,
SOKNA,UBCI,
SOKNA,UIB,
SOKNA,UMED,
SOKNA,WIFAK,
SOKNA,XABYT,
SOMOC,SOPAT,
SOMOC,SOTEM,
SOMOC,SOTET,
SOMOC,SOTUV,
SOMOC,SPDIT,
SOMOC,SPHAX,
SOMOC,STA,
SOMOC,STAR,
SOMOC,STB,
SOMOC,STEQ,
SOMOC,STIP,
SOMOC,STPAP,
SOMOC,STPIL,
SOMOC,TAIR,
SOMOC,TGH,
SOMOC,TINV,
SOMOC,TJARI,
SOMOC,TJL,
SOMOC,TLNET,
SOMOC,TLS,
SOMOC,TPR,
SOMOC,TRE,
SOMOC,TVAL,
SOMOC,UADH,
SOMOC,UBCI,
SOMOC,UIB,
SOMOC,UMED,
SOMOC,WIFAK,
SOMOC,XABYT,
SOPAT,SOTEM,
SOPAT,SOTET,
SOPAT,SOTUV,
SOPAT,SPDIT,
SOPAT,SPHAX,
SOPAT,STA,
SOPAT,STAR,
SOPAT,STB,
SOPAT,STEQ,
SOPAT,STIP,
SOPAT,STPAP,
SOPAT,STPIL,
SOPAT,TAIR,
SOPAT,TGH,
SOPAT,TINV,
SOPAT,TJARI,
SOPAT,TJL,
SOPAT,TLNET,
SOPAT,TLS,
SOPAT,TPR,
SOPAT,TRE,
SOPAT,TVAL,
SOPAT,UADH,
SOPAT,UBCI,
SOPAT,UIB,
SOPAT,UMED,
SOPAT,WIFAK,
SOPAT,XABYT,
SOTEM,SOTET,
SOTEM,SOTUV,
SOTEM,SPDIT,
SOTEM,SPHAX,
SOTEM,STA,
SOTEM,STAR,
SOTEM,STB,
SOTEM,STEQ,
SOTEM,STIP,
SOTEM,STPAP,
SOTEM,STPIL,
SOTEM,TAIR,
SOTEM,TGH,
SOTEM,TINV,
SOTEM,TJARI,
SOTEM,TJL,
SOTEM,TLNET,
SOTEM,TLS,
SOTEM,TPR,
SOTEM,TRE,
SOTEM,TVAL,
SOTEM,UADH,
SOTEM,UBCI,
SOTEM,UIB,
SOTEM,UMED,
SOTEM,WIFAK,
SOTEM,XABYT,
SOTET,SOTUV,
SOTET,SPDIT,
SOTET,SPHAX,
SOTET,STA,
SOTET,STAR,
SOTET,STB,
SOTET,STEQ,
SOTET,STIP,
SOTET,STPAP,
SOTET,STPIL,
SOTET,TAIR,
SOTET,TGH,
SOTET,TINV,
SOTET,TJARI,
SOTET,TJL,
SOTET,TLNET,
SOTET,TLS,
SOTET,TPR,
SOTET,TRE,
SOTET,TVAL,
SOTET,UADH,
SOTET,UBCI,
SOTET,UIB,
SOTET,UMED,
SOTET,WIFAK,
SOTET,XABYT,
SOTUV,SPDIT,
SOTUV,SPHAX,
SOTUV,STA,
SOTUV,STAR,
SOTUV,STB,
SOTUV,STEQ,
SOTUV,STIP,
SOTUV,STPAP,
SOTUV,STPIL,
SOTUV,TAIR,
SOTUV,TGH,
SOTUV,TINV,
SOTUV,TJARI,
SOTUV,TJL,
SOTUV,TLNET,
SOTUV,TLS,
SOTUV,TPR,
SOTUV,TRE,
SOTUV,TVAL,
SOTUV,UADH,
SOTUV,UBCI,
SOTUV,UIB,
SOTUV,UMED,
SOTUV,WIFAK,
SOTUV,XABYT,
SPDIT,SPHAX,
SPDIT,STA,
SPDIT,STAR,
SPDIT,STB,
SPDIT,STEQ,
SPDIT,STIP,
SPDIT,STPAP,
SPDIT,STPIL,
SPDIT,TAIR,
SPDIT,TGH,
SPDIT,TINV,
SPDIT,TJARI,
SPDIT,TJL,
SPDIT,TLNET,
SPDIT,TLS,
SPDIT,TPR,
SPDIT,TRE,
SPDIT,TVAL,
SPDIT,UADH,
SPDIT,UBCI,
SPDIT,UIB,
SPDIT,UMED,
SPDIT,WIFAK,
SPDIT,XABYT,
SPHAX,STA,
SPHAX,STAR,
SPHAX,STB,
SPHAX,STEQ,
SPHAX,STIP,
SPHAX,STPAP,
SPHAX,STPIL,
SPHAX,TAIR,
SPHAX,TGH,
SPHAX,TINV,
SPHAX,TJARI,
SPHAX,TJL,
SPHAX,TLNET,
SPHAX,TLS,
SPHAX,TPR,
SPHAX,TRE,
SPHAX,TVAL,
SPHAX,UADH,
SPHAX,UBCI,
SPHAX,UIB,
SPHAX,UMED,
SPHAX,WIFAK,
SPHAX,XABYT,
STA,STAR,
STA,STB,
STA,STEQ,
STA,STIP,
STA,STPAP,
STA,STPIL,
STA,TAIR,
STA,TGH,
STA,TINV,
STA,TJARI,
STA,TJL,
STA,TLNET,
STA,TLS,
STA,TPR,
STA,TRE,
STA,TVAL,
STA,UADH,
STA,UBCI,
STA,UIB,
STA,UMED,
STA,WIFAK,
STA,XABYT,
STAR,STB,
STAR,STEQ,
STAR,STIP,
STAR,STPAP,
STAR,STPIL,
STAR,TAIR,
STAR,TGH,
STAR,TINV,
STAR,TJARI,
STAR,TJL,
STAR,TLNET,
STAR,TLS,
STAR,TPR,
STAR,TRE,
STAR,TVAL,
STAR,UADH,
STAR,UBCI,
STAR,UIB,
STAR,UMED,
STAR,WIFAK,
STAR,XABYT,
STB,STEQ,
STB,STIP,
STB,STPAP,
STB,STPIL,
STB,TAIR,
STB,TGH,
STB,TINV,
STB,TJARI,
STB,TJL,
STB,TLNET,
STB,TLS,
STB,TPR,
STB,TRE,
STB,TVAL,
STB,UADH,
STB,UBCI,
STB,UIB,
STB,UMED,
STB,WIFAK,
STB,XABYT,
STEQ,STIP,
STEQ,STPAP,
STEQ,STPIL,
STEQ,TAIR,
STEQ,TGH,
STEQ,TINV,
STEQ,TJARI,
STEQ,TJL,
STEQ,TLNET,
STEQ,TLS,
STEQ,TPR,
STEQ,TRE,
STEQ,TVAL,
STEQ,UADH,
STEQ,UBCI,
STEQ,UIB,
STEQ,UMED,
STEQ,WIFAK,
STEQ,XABYT,
STIP,STPAP,
STIP,STPIL,
STIP,TAIR,
STIP,TGH,
STIP,TINV,
STIP,TJARI,
STIP,TJL,
STIP,TLNET,
STIP,TLS,
STIP,TPR,
STIP,TRE,
STIP,TVAL,
STIP,UADH,
STIP,UBCI,
STIP,UIB,
STIP,UMED,
STIP,WIFAK,
STIP,XABYT,
STPAP,STPIL,
STPAP,TAIR,
STPAP,TGH,
STPAP,TINV,
STPAP,TJARI,
STPAP,TJL,
STPAP,TLNET,
STPAP,TLS,
STPAP,TPR,
STPAP,TRE,
STPAP,TVAL,
STPAP,UADH,
STPAP,UBCI,
STPAP,UIB,
STPAP,UMED,
STPAP,WIFAK,
STPAP,XABYT,
STPIL,TAIR,
STPIL,TGH,
STPIL,TINV,
STPIL,TJARI,
STPIL,TJL,
STPIL,TLNET,
STPIL,TLS,
STPIL,TPR,
STPIL,TRE,
STPIL,TVAL,
STPIL,UADH,
STPIL,UBCI,
STPIL,UIB,
STPIL,UMED,
STPIL,WIFAK,
STPIL,XABYT,
TAIR,TGH,
TAIR,TINV,
TAIR,TJARI,
TAIR,TJL,
TAIR,TLNET,
TAIR,TLS,
TAIR,TPR,
TAIR,TRE,
TAIR,TVAL,
TAIR,UADH,
TAIR,UBCI,
TAIR,UIB,
TAIR,UMED,
TAIR,WIFAK,
TAIR,XABYT,
TGH,TINV,
TGH,TJARI,
TGH,TJL,
TGH,TLNET,
TGH,TLS,
TGH,TPR,
TGH,TRE,
TGH,TVAL,
TGH,UADH,
TGH,UBCI,
TGH,UIB,
TGH,UMED,
TGH,WIFAK,
TGH,XABYT,
TINV,TJARI,
TINV,TJL,
TINV,TLNET,
TINV,TLS,
TINV,TPR,
TINV,TRE,
TINV,TVAL,
TINV,UADH,
TINV,UBCI,
TINV,UIB,
TINV,UMED,
TINV,WIFAK,
TINV,XABYT,
TJARI,TJL,
TJARI,TLNET,
TJARI,TLS,
TJARI,TPR,
TJARI,TRE,
TJARI,TVAL,
TJARI,UADH,
TJARI,UBCI,
TJARI,UIB,
TJARI,UMED,
TJARI,WIFAK,
TJARI,XABYT,
TJL,TLNET,
TJL,TLS,
TJL,TPR,
TJL,TRE,
TJL,TVAL,
TJL,UADH,
TJL,UBCI,
TJL,UIB,
TJL,UMED,
TJL,WIFAK,
TJL,XABYT,
TLNET,TLS,
TLNET,TPR,
TLNET,TRE,
TLNET,TVAL,
TLNET,UADH,
TLNET,UBCI,
TLNET,UIB,
TLNET,UMED,
TLNET,WIFAK,
TLNET,XABYT,
TLS,TPR,
TLS,TRE,
TLS,TVAL,
TLS,UADH,
TLS,UBCI,
TLS,UIB,
TLS,UMED,
TLS,WIFAK,
TLS,XABYT,
TPR,TRE,
TPR,TVAL,
TPR,UADH,
TPR,UBCI,
TPR,UIB,
TPR,UMED,
TPR,WIFAK,
TPR,XABYT,
TRE,TVAL,
TRE,UADH,
TRE,UBCI,
TRE,UIB,
TRE,UMED,
TRE,WIFAK,
TRE,XABYT,
TVAL,UADH,
TVAL,UBCI,
TVAL,UIB,
TVAL,UMED,
TVAL,WIFAK,
TVAL,XABYT,
UADH,UBCI,
UADH,UIB,
UADH,UMED,
UADH,WIFAK,
UADH,XABYT,
UBCI,UIB,
UBCI,UMED,
UBCI,WIFAK,
UBCI,XABYT,
UIB,UMED,
UIB,WIFAK,
UIB,XABYT,
UMED,WIFAK,
UMED,XABYT,
WIFAK,XABYT,
